{"train/loss": 1.5018, "train/learning_rate": 2.624671916010499e-08, "train/epoch": 0.0, "train/global_step": 1, "_timestamp": 1697170619.041775, "_runtime": 24.12568998336792, "_step": 0, "_wandb": {"runtime": 189}}